record_id,reg_no
0,191365579
1,193905577
2,190411339
3,191150511
4,193341895
5,192467400
6,192242394
7,191551584
8,190158060
9,191464447
10,192558531
11,192176009
12,192298390
13,192316313
14,191338461
15,193345458
16,192889015
17,190034113
18,193588796
19,191168473
20,192562732
21,190727191
22,192395178
23,192742162
24,192368161
25,190794923
26,190867117
27,193156065
28,190690050
29,192773795
30,191263252
31,191154922
32,190360222
33,190670689
34,191276856
35,190073006
36,191149430
37,191682528
38,193819820
39,193222139
40,193493010
41,190843877
42,191449065
43,191201122
44,192618460
45,191551344
46,193290668
47,192065275
48,192476912
49,193010957
50,193589446
51,192382884
52,190038096
53,192563895
54,191683003
55,191361947
56,191575385
57,191579934
58,192957991
59,193908752
60,191968597
61,193449893
62,191708604
63,190157005
64,192144614
65,192463280
66,193411549
67,190553664
68,191906153
69,191406930
70,192855441
71,191402666
72,191391046
73,193076324
74,190477883
75,193818192
76,192823666
77,192287025
78,190806247
79,193340487
80,193395338
81,191084513
82,193624866
83,193202790
84,191171776
85,191655457
86,193302505
87,193806077
88,193055187
89,192356329
90,193044011
91,192592729
92,193272199
93,190929406
94,192507307
95,192347188
96,191656388
97,192900592
98,193708432
99,193877299
100,193922204
101,191807898
102,192999624
103,190601753
104,191009910
105,193830664
106,190850460
107,192977447
108,191208936
109,193584677
110,192940508
111,190655117
112,191375940
113,190075819
114,191537954
115,193653413
116,193865905
117,192247508
118,191876675
119,193655993
120,193801967
121,191160649
122,190789946
123,192512697
124,190042502
125,191368407
126,191297124
127,191667485
128,192266913
129,192058573
130,193317499
131,191040759
132,191748300
133,191302760
134,190352886
135,193064076
136,191176926
137,190480070
138,192631203
139,192902008
140,193836878
141,190428340
142,192162070
143,191363615
144,193148224
145,192214115
146,192587079
147,191591278
148,191267306
149,193854949
150,191427515
151,190516445
152,191197010
153,192353166
154,192718150
155,191311269
156,191575511
157,191664122
158,192267710
159,193973917
160,191472977
161,192531280
162,193799725
163,191793387
164,192504199
165,193948755
166,192890052
167,191894300
168,193486504
169,193645427
170,191449479
171,192972603
172,192036480
173,193631984
174,191894470
175,193537788
176,193860140
177,192200856
178,192032693
179,193529442
180,192847297
181,191863208
182,190362015
183,191475638
184,190534547
185,191056051
186,192083027
187,191537451
188,190544835
189,193095682
190,191810780
191,193871720
192,191186753
193,192985874
194,192860076
195,191595458
196,192369464
197,190902837
198,190942514
199,192263633
200,190663470
201,192252788
202,190622167
203,192030906
204,190486790
205,193120703
206,191235531
207,192153631
208,190901350
209,190680870
210,193926803
211,191298106
212,191971920
213,193074216
214,190842528
215,193706904
216,192282937
217,190478991
218,193185215
219,190562819
220,191487976
221,193110265
222,190230872
223,191977726
224,192678136
225,191751935
226,192815399
227,191002681
228,191505155
229,190374662
230,190560803
231,191310456
232,193240913
233,190187084
234,191563328
235,193204818
236,190466655
237,191095788
238,191092570
239,190141746
240,193153483
241,193009867
242,192326906
243,192909706
244,190960871
245,193013926
246,192445867
247,193618163
248,192729405
249,190375185
250,192811040
251,192584761
252,190978262
253,193059081
254,192011881
255,192549731
256,190487234
257,191692354
258,190138067
259,192793351
260,190809983
261,191489478
262,190130815
263,193170020
264,191363249
265,192429562
266,191426340
267,193757106
268,192089781
269,193004023
270,190802577
271,193074838
272,193460747
273,191251298
274,193893820
275,190878365
276,192557580
277,190117107
278,193540495
279,193936031
280,193921514
281,193688354
282,190516050
283,192668093
284,193653150
285,191912420
286,192052987
287,191267755
288,191241409
289,190786199
290,192368179
291,193787895
292,193718948
293,191783959
294,190923140
295,193223257
296,191459162
297,190016750
298,193801164
299,192813792
300,191043368
301,190357616
302,193547359
303,191613704
304,193827099
305,191573802
306,191043517
307,193775652
308,193330853
309,191613593
310,193353092
311,190307700
312,191022959
313,191162149
314,191301935
315,190544105
316,193442170
317,192810474
318,191487356
319,190349929
320,190868760
321,190211771
322,190445514
323,193370140
324,191754196
325,192366548
326,192188423
327,193833214
328,192551414
329,192714398
330,190671578
331,191639065
332,193968807
333,193485847
334,190113720
335,192293320
336,191845663
337,191952170
338,190873236
339,191486147
340,192169413
341,191145906
342,190161783
343,191542460
344,192122237
345,191453245
346,193092472
347,190157088
348,192576098
349,193774365
350,190286363
351,190660533
352,191939772
353,191634158
354,192425147
355,193888058
356,190504028
357,193611054
358,190908425
359,192665011
360,190191257
361,191298460
362,191634612
363,193458969
364,193763303
365,190818245
366,191867978
367,191918423
368,190014117
369,191274133
370,192264855
371,193989437
372,193464052
373,190776528
374,193568476
375,193509081
376,190985179
377,190192691
378,193601274
379,191607828
380,191167916
381,192342944
382,190597627
383,192431486
384,192724914
385,193167773
386,190887414
387,193895039
388,193790101
389,190317116
390,190383748
391,193528303
392,190883868
393,191256504
394,192871228
395,190734067
396,193673929
397,192597234
398,190514832
399,191009349
400,191520901
401,191683299
402,191849607
403,191280615
404,190953706
405,190943933
406,190044937
407,193286838
408,190612340
409,192048384
410,191559961
411,191624867
412,190868456
413,191041173
414,190767278
415,191753832
416,193275601
417,190921480
418,193335122
419,190648834
420,193957631
421,190729927
422,192996429
423,190255273
424,192518055
425,191227824
426,190555327
427,193429931
428,192045681
429,191282780
430,191990336
431,193113607
432,190282490
433,190421423
434,193124433
435,191465509
436,190818021
437,192988675
438,192158875
439,191813636
440,193795290
441,190530144
442,191202217
443,192397367
444,190035230
445,191776955
446,190618830
447,190489331
448,190516111
449,191712536
450,190034744
451,190479874
452,191457074
453,192183628
454,193751746
455,192598281
456,193282405
457,193483873
458,192044899
459,193021678
460,190894646
461,192394608
462,191001546
463,190140184
464,193693455
465,191448312
466,192610308
467,192600086
468,193671097
469,192924980
470,193068068
471,193552314
472,192761406
473,192363338
474,192499914
475,191508877
476,190054052
477,191533981
478,193472017
479,193152951
480,191388681
481,191718951
482,193573380
483,193212160
484,190420628
485,193144657
486,192001996
487,191305148
488,191480284
489,190496694
490,193767701
491,193540193
492,191529653
493,190476958
494,191588097
495,190221896
496,193870954
497,192894781
498,190284434
499,193865052
500,193601400
501,190713642
502,190673984
503,190329184
504,191038309
505,192549438
506,193221010
507,192530825
508,193163293
509,193937636
510,190723524
511,190196422
512,193929586
513,193696760
514,191384956
515,192271502
516,192665551
517,191905024
518,190378903
519,190071337
520,193289854
521,190164911
522,192653281
523,190068423
524,190640870
525,190750786
526,191774925
527,192861284
528,192133684
529,191483992
530,193759648
531,190198820
532,190538303
533,192798915
534,190336129
535,190187738
536,191114663
537,193091352
538,191674926
539,193316243
540,193986988
541,193054467
542,191711409
543,190049080
544,192095207
545,191720833
546,192957514
547,193885341
548,193274099
549,190592776
550,191623158
551,191650748
552,192706381
553,190168925
554,190772951
555,192766438
556,191816093
557,192081391
558,190406853
559,191835639
560,190807382
561,193868103
562,193713356
563,192573790
564,193999227
565,192074189
566,193697243
567,191416171
568,191872131
569,190253980
570,192148086
571,192768130
572,191978134
573,192661487
574,190675291
575,193669544
576,190388435
577,192755421
578,191453874
579,192623978
580,191586654
581,191020487
582,192600995
583,193483134
584,191169747
585,191551568
586,193932263
587,192266931
588,192031089
589,191362930
590,192724934
591,191302205
592,191025285
593,193033015
594,192593656
595,193528513
596,190129986
597,193018601
598,191670569
599,193169751
600,192349153
601,192591375
602,190697244
603,190019518
604,192935001
605,191455471
606,192790843
607,193805120
608,191119982
609,190371482
610,191481630
611,193837071
612,192608001
613,193825239
614,191822256
615,193576376
616,190554809
617,191768763
618,191625696
619,192764262
620,193224168
621,193572220
622,191152443
623,190064656
624,190947932
625,191658867
626,191116779
627,192048858
628,192348422
629,190557005
630,192033684
631,193829174
632,193830589
633,190923916
634,191059063
635,190340918
636,192165431
637,190599300
638,191302081
639,190298719
640,192125774
641,192911036
642,193032433
643,192666073
644,193108740
645,190746935
646,191738647
647,190928049
648,191997219
649,190467866
650,193345313
651,191131362
652,192215754
653,190505039
654,191917240
655,192330843
656,192795103
657,192074967
658,192657626
659,191133065
660,190917188
661,193163416
662,190787302
663,190718278
664,192763267
665,192826420
666,191758040
667,191150998
668,193117413
669,191243275
670,193835840
671,193870704
672,193938435
673,191730077
674,192357020
675,193572422
676,191031753
677,190144737
678,190064314
679,191707339
680,192354063
681,193872115
682,191931260
683,191110750
684,190008766
685,193762265
686,193470290
687,190041814
688,190630064
689,193359550
690,191460763
691,190315006
692,192883831
693,191475731
694,191834074
695,191625928
696,190892083
697,192163011
698,192354574
699,190388008
700,193552744
701,193468202
702,193486927
703,193529714
704,192647679
705,191358716
706,191097533
707,190509591
708,191336524
709,190955747
710,191530960
711,190294276
712,193154423
713,190817461
714,191772695
715,190431306
716,190777563
717,193984926
718,193611845
719,190127723
720,190947550
721,190836276
722,193889963
723,193791992
724,193853527
725,192833154
726,191728593
727,190516400
728,192585695
729,191451999
730,193595420
731,190031589
732,190062402
733,192362822
734,193441376
735,190621367
736,193338333
737,190169766
738,191182269
739,191552868
740,190964775
741,191689901
742,191055848
743,193158115
744,190848932
745,191997922
746,193688230
747,192289980
748,191117056
749,193399206
750,192040388
751,192291725
752,191974078
753,190616020
754,193917472
755,193902342
756,191325792
757,190853928
758,192745540
759,193029545
760,190066695
761,190155306
762,193297625
763,190892608
764,191681081
765,190457410
766,190307170
767,192066756
768,191409883
769,190972495
770,193547019
771,193801826
772,192207119
773,190732009
774,191186446
775,193798870
776,190483676
777,192539017
778,190022176
779,190725085
780,191036111
781,190508513
782,193043535
783,192615103
784,191783324
785,190889597
786,190126277
787,190535298
788,192907461
789,192978516
790,190082473
791,190588817
792,193930097
793,192612196
794,193462705
795,192433385
796,193873558
797,191277670
798,191543666
799,191684146
800,192515978
801,192653834
802,192879168
803,190580186
804,191873204
805,193836764
806,191407647
807,193615558
808,193802353
809,190270410
810,192146781
811,191057687
812,193922260
813,191486195
814,191255478
815,193867784
816,192956041
817,192204294
818,192093510
819,193379268
820,192514675
821,193502586
822,191583002
823,192765378
824,193658357
825,190830685
826,191576714
827,190848442
828,191539631
829,191994323
830,192412775
831,191541034
832,192036847
833,190928837
834,193935633
835,192747943
836,193723979
837,192775653
838,190285272
839,192202174
840,192648598
841,190580016
842,190721833
843,191985337
844,190079806
845,193464002
846,192966279
847,191858004
848,193107748
849,193321186
850,191234041
851,191151550
852,192463487
853,191050237
854,190143925
855,191594630
856,191882087
857,190657275
858,190923757
859,190870425
860,190328627
861,192265236
862,190024280
863,192381814
864,191510692
865,191422917
866,192519008
867,191579310
868,190397122
869,192714756
870,193074923
871,191827627
872,192128733
873,190140357
874,190342365
875,190188235
876,190154076
877,192178873
878,193008807
879,190233720
880,192619856
881,191214283
882,191026614
883,192398921
884,192170880
885,193925717
886,191809065
887,192311992
888,193704687
889,193384828
890,193455488
891,192296196
892,193587891
893,191576943
894,190321269
895,192894069
896,192138217
897,190401233
898,193601933
899,191333712
900,191717487
901,192284132
902,191164899
903,192425180
904,190355361
905,190049907
906,192698929
907,190910770
908,190436013
909,191127282
910,190752865
911,192723297
912,191714743
913,192096489
914,191336300
915,192937679
916,193903649
917,192440501
918,191189852
919,191656458
920,191131406
921,191196607
922,191145691
923,191282475
924,190518354
925,193576326
926,190634721
927,191684272
928,193799453
929,190470245
930,193549520
931,191009696
932,193790802
933,193788584
934,191985306
935,193403590
936,191617184
937,191358178
938,192295116
939,193469294
940,193452238
941,191204700
942,193537335
943,191268789
944,192927614
945,190691792
946,190039366
947,192677763
948,193373044
949,191114538
950,191052424
951,191055214
952,191626903
953,191815784
954,190387663
955,193356868
956,192707511
957,192998457
958,193247253
959,191487641
960,192418093
961,190086160
962,191586939
963,192612105
964,192279245
965,193952802
966,191841528
967,191231537
968,192258177
969,192999988
970,190151223
971,193738713
972,193947271
973,192927910
974,193005286
975,190775002
976,192452959
977,190301281
978,190803047
979,190960455
980,191358828
981,193110623
982,190401212
983,190555455
984,193789734
985,190428359
986,192962059
987,192331878
988,193706186
989,190633971
990,190361962
991,192258298
992,190993299
993,191235643
994,191677466
995,192357177
996,193784015
997,192928847
998,190575224
999,191432267
