algorithm,n,queries_found,queries_notfound,preprocess_ms,avg_us_found,avg_us_notfound,avg_comps_found,avg_comps_notfound,best_comps,worst_comps,theory_avg_comps_found,theory_worst_comps
Binary search (recursive),1000,1000,1000,0.0682,1.0842,1.2549,8.9860,9.9760,1.0000,10.0000,8.9672,10.0000
Hash table (chaining),1000,1000,1000,0.3319,0.1538,0.1367,1.3810,0.7120,1.0000,5.0000,1.3674,5.0000
Linear search,1000,1000,1000,0.0000,9.5125,18.9505,500.7910,1000.0000,1.0000,1000.0000,500.5000,1000.0000
Binary search (recursive),10000,1000,1000,0.9451,1.6623,1.8757,12.3830,13.3720,1.0000,14.0000,12.2879,14.0000
Hash table (chaining),10000,1000,1000,3.0339,0.1618,0.1421,1.3370,0.6980,1.0000,6.0000,1.3749,6.0000
Linear search,10000,1000,1000,0.0000,102.6265,220.6165,4913.4150,10000.0000,1.0000,10000.0000,5000.5000,10000.0000
Binary search (recursive),100000,1000,1000,15.9393,2.5574,3.1649,15.6770,16.6910,1.0000,17.0000,15.6097,17.0000
Hash table (chaining),100000,1000,1000,92.5730,1.2215,0.9381,1.3530,0.7240,1.0000,6.0000,1.3750,6.0000
Linear search,100000,1000,1000,0.0000,1278.1979,2355.7207,49023.2950,100000.0000,1.0000,100000.0000,50000.5000,100000.0000
Binary search (recursive),1000000,1000,997,258.4949,6.6088,6.5322,18.8800,19.9488,1.0000,20.0000,18.9316,20.0000
Hash table (chaining),1000000,1000,997,2083.9314,1.5191,0.7648,1.3790,0.7693,1.0000,9.0000,1.3750,9.0000
Linear search,1000000,100,100,0.0000,11816.4950,26946.0510,502907.3100,1000000.0000,1.0000,1000000.0000,500000.5000,1000000.0000
